Sequence,Label
you need to be online with it that is one way of them accessing information like face scans to be sent back to china for evaluation i have lack of trust when electronics ask to be on line amp ask for more personal details before you can use it ,Other
the middle fingers that is the real test,Other
did not apple copy these guys ,Other
who also checked his steam inbox 7 19 ,Other
hi this head set have some sort of lag in games in wireless mode i buyed reverb g2 and sell it a few months ago because the lenses become blurry after minutes of use ,Other
highly reluctant to give facebook my hard earned cash made my mind up pico 4 it is great review mate ,Other
hi i am planning to buy this one i would like to ask how harmful it is for the eyes and neck ,Other
thank you my friend for the detailed explanation but you forgot to talk about screen resolution when watching movies ,Other
bruh this is like meta stealing picos style,Other
does the pico 4 pro have eye and face tracking im unsure on this,Other
so the quest 3 but objectivally worse,Other
i am looking at getting one but need to know what it is like if you wear glasses also is it good for watching films and tv ,Other
whts the pico library now for games and apps,Other
does pico vr pc connect require a good pc or it runs on pico,Other
i purchased a local chinese copy and want to use it in africa is it possible that i will encounter problems while downloading games and updating the system ,Other
thanks for saying what the company making this also makes ,Other
it actually has gorilla tag ,Other
,
 14 21 ,Other
quest 2 killer 50 bucks more expensive hahaha,Other
it was dead on arrival ,Other
,
basically tik toks attempt to get 1 up on facebook,Other
 savage puppy attack ,Other
awesome the only company worse than facebook about invading your privacy and taking your information is the competitor to facebook oh how lucky we are to be able to give away our right to privacy,Other
ive returned my pico 4 because its almost impossible to pirate games on it,Other
i just want anything thats not oculus they give me so many issues and can not fix a single one my headset has become a brick,Other
 nope none of that china garbage facebook bad china worse bytedance can suck it ,Other
what is a good vr headset budget friendly to connect to laptops for adult content thanks ,Other
sell your data to the zucc or to china pick your poison i just want a standalone vr headset that i can start using without any accounts and that doesnt have yet another proprietary software store that requires developers to support it creating yet another ecosystem but works seamlessly with all vr games out of the box regardless of where they were purchased  something like an android for vr,Other
no thanks i am not putting my hard earned dollars into chinese owned competition ,Other
n o genuinly that ipd motor is far better than doing manually it is usefull ,Other
not compatible with quest games period ,Other
so if i install virtual desktop i could play all the quest games on the pico 4 headset ,Other
i just ordered these for myself i am interested using the built in games and steam vr thank you for the review video ,Other
how is this not the same os as oculus am i tripping,Other
how did you record a dead pixel ,Other
is this headset able to work as a monitor as in could you plug it into your computer and watch or play something like cyberpunk ,Other
zkxdokd,Other
it would be nice to see developer port the quest 2 firmware to pico 4,Other
a great alternative of spending all of your money on one thing,Other
were you paid to leave this review ,Other
so how about a more recent video 6 months in which is the better one,Other
forget handbreak steam vr what is about performance pusher open xr ,Other
quest2 2 0 ,Other
is it better the then the quest or is it the best vr,Other
would really love to see an update video on this headset to see if they fixed most of your problems with it ,Other
it is funny to think how much money meta lost raising the price of the quest 2,Other
i need to crack down on my unnecessary spending so i can save up for a vr hedset right now the pico 4 is at the top of my list but by christmas i might spot something different that is still under dollar1 000 ,Other
question can one buy this but not let tiktok collect your information seeing its owned by bydance ccp spy company can it be used off there grid with there spy collections softer ware ,Other
what games can you not play on the pico that you can on the quest,Other
so its a quest 2 but worse ,Other
 14 27 interesting subliminal message ,Other
should i get quest 2 or pico 4,Other
i have quest 2 and watching this shit,Other
i bet you do not have to have a fb account to get it to work ,Other
