Sequence,Label,Source
beautiful livery,Tail,YouTube
wonderful video beautiful aircraft congratulations to the creators,Tail,YouTube
there was a mechanical failure while retracting the landing gear,Tail,YouTube
awesome aircraft,Tail,YouTube
it is like fish like dolghine,Tail,YouTube
best performance ever,Tail,YouTube
there is no god but god and muhammad is the messenger of god may god bless him and grant him peace,Tail,YouTube
looks like a swift handsome ,Tail,YouTube
music ,Tail,YouTube
how come that the vietnam airlines is always first with new models ,Tail,YouTube
what a beauty look at the shark fins fantastic ,Tail,YouTube
name of this amazing music ,Tail,YouTube
martlet 3,Tail,YouTube
cool music,Tail,YouTube
video perfect perfect music perfect aircraft,Tail,YouTube
 trek loved flat walls even with round bulkheads orville goes all in on round everything also way more integrated lighting ,Tail,Reddit
787 bowling alley could be fun,Tail,Reddit
0g bowling,Tail,Reddit
,,
they overdid it with the legroom on this one ,Tail,Reddit
beautiful design and yet they still find a way to make economy class as miserable as possible,Tail,Reddit
reminds me of the mockup at kiah in 2011 here is some blackberry photos i took note the continental airlines lol ,Tail,Reddit
wow that still looks super modern,Tail,Reddit
whenever i see this photo i think about how i would layout the interior if it were my own dreamliner ,Tail,Reddit
